{"cameraMode":{"drawMode":0,"name":"Shaded","section":"Shading Mode"},"sceneLighting":true,"audioPlay":false,"sceneViewState":{"showFog":true,"showMaterialUpdate":false,"showSkybox":true,"showFlares":true,"showImageEffects":true,"showParticleSystems":true},"in2DMode":false,"pivot":{"x":-80.0267562866211,"y":6.27399206161499,"z":8.869083404541016},"rotation":{"x":-0.005901188123971224,"y":0.9351902008056641,"z":-0.028611689805984498,"w":-0.35603007674217226},"size":0.17875009775161744,"orthographic":false}