{"cameraMode":{"drawMode":0,"name":"Shaded","section":"Shading Mode"},"sceneLighting":false,"audioPlay":false,"sceneViewState":{"showFog":true,"showMaterialUpdate":false,"showSkybox":false,"showFlares":true,"showImageEffects":true,"showParticleSystems":true},"in2DMode":false,"pivot":{"x":-25.54606056213379,"y":-16.29912757873535,"z":-3.9623498916625978},"rotation":{"x":-0.17740900814533235,"y":0.7360681891441345,"z":-0.21105273067951203,"w":-0.6183176040649414},"size":207.66030883789063,"orthographic":false}